{
    "codeEditor": "codeEditor_VSCode",
    "projectWindowData": {
        "x": 249.33343505859375,
        "y": 111.33328247070313
    },
    "projects": [
        "C:\\Users\\ernes\\Documents\\Creations\\amara2\\projects\\Test"
    ],
    "terminalWindowData": {
        "x": -109.33333587646484,
        "y": 77.66668701171875
    }
}